<?xml version="1.0" encoding="UTF-8"?>
<beans xmlns="http://www.springframework.org/schema/beans"
	xmlns:xsi="http://www.w3.org/2001/XMLSchema-instance"
	xmlns:context="http://www.springframework.org/schema/context"
	xsi:schemaLocation="http://www.springframework.org/schema/beans http://www.springframework.org/schema/beans/spring-beans.xsd
		http://www.springframework.org/schema/context http://www.springframework.org/schema/context/spring-context-4.3.xsd">

<bean id="address" class="com.cg.project.bean.Address">
		<property name="city" value="Pune"/>
		<property name="state" value="Maha"/>
		<property name="country" value="India"/>
		<property name="pincode" value="411007"/>
		</bean>
	<bean id="employee" class="com.cg.project.bean.Employee">
		<property name="employeeId" value="1122"/>
		<property name="basicSalary" value="65000"/>
		<property name="firstName" value="Anmol"/>
		<property name="lastName" value="Singhal"/>
		<property name="address" ref="address"/>
	</bean>
</beans>
