<?xml version="1.0" encoding="UTF-8"?>
<beans xmlns="http://www.springframework.org/schema/beans"
	xmlns:xsi="http://www.w3.org/2001/XMLSchema-instance"
	xmlns:context="http://www.springframework.org/schema/context"
	xsi:schemaLocation="http://www.springframework.org/schema/beans http://www.springframework.org/schema/beans/spring-beans.xsd
		http://www.springframework.org/schema/context http://www.springframework.org/schema/context/spring-context-4.3.xsd">
		
		<context:annotation-config/>

<bean id="address" class="com.cg.project.bean.Address">
		<constructor-arg name="city" value="Pune"/>
		<constructor-arg name="state" value="Maha"/>
		<constructor-arg name="country" value="India"/>
		<constructor-arg name="pincode" value="411007"/>
		</bean>
	<bean id="employee" class="com.cg.project.bean.Employee">
		<constructor-arg name="employeeId" value="1122"/>
		<constructor-arg name="basicSalary" value="65000"/>
		<constructor-arg name="firstName" value="Anmol"/>
		<constructor-arg name="lastName" value="Singhal"/>
		<constructor-arg name="address" ref="address"/>
	</bean>
</beans>
