<?xml version="1.0" encoding="UTF-8"?>
<AssociateData>
	<Associate associateId="101">
		<firstName>Anmol</firstName>
		<lastName>Singhal</lastName>
		<yearlyInvestmentUnder80C>1500000</yearlyInvestmentUnder80C>
		<department>ADM</department>
		<designation>Sr.Con</designation>
		<pancard>KKTH56584422</pancard>
		<emailid>abcd@gmail.com</emailid>
		<BankDetails>
				<accountNumber>123456789</accountNumber>
				<bankName>HDFC</bankName>
				<ifscCode>HDFC0002</ifscCode>
		</BankDetails>
	</Associate>
</AssociateData>